﻿<?xml version="1.0"?>
<doc>
<assembly>
<name>
NS_Login
</name>
</assembly>
<members>
<member name="T:NS_Login.My.Resources.Resources">
<summary>
  Uma classe de recurso de tipo de alta segurança, para pesquisar cadeias de caracteres localizadas etc.
</summary>
</member>
<member name="P:NS_Login.My.Resources.Resources.ResourceManager">
<summary>
  Retorna a instância de ResourceManager armazenada em cache usada por essa classe.
</summary>
</member>
<member name="P:NS_Login.My.Resources.Resources.Culture">
<summary>
  Substitui a propriedade CurrentUICulture do thread atual para todas as
  pesquisas de recursos que usam essa classe de recurso de tipo de alta segurança.
</summary>
</member>
<member name="P:NS_Login.My.Resources.Resources.Attention">
<summary>
  Consulta um recurso localizado do tipo System.Drawing.Bitmap.
</summary>
</member>
<member name="P:NS_Login.My.Resources.Resources.Cancel">
<summary>
  Consulta um recurso localizado do tipo System.Drawing.Bitmap.
</summary>
</member>
<member name="P:NS_Login.My.Resources.Resources.Checked">
<summary>
  Consulta um recurso localizado do tipo System.Drawing.Bitmap.
</summary>
</member>
<member name="P:NS_Login.My.Resources.Resources.icone_fechar_branco">
<summary>
  Consulta um recurso localizado do tipo System.Drawing.Bitmap.
</summary>
</member>
<member name="P:NS_Login.My.Resources.Resources.Info">
<summary>
  Consulta um recurso localizado do tipo System.Drawing.Bitmap.
</summary>
</member>
<member name="P:NS_Login.My.Resources.Resources.MenuBackGorwnd3">
<summary>
  Consulta um recurso localizado do tipo System.Drawing.Bitmap.
</summary>
</member>
<member name="P:NS_Login.My.Resources.Resources.NatuSystem_Ico_2">
<summary>
  Consulta um recurso localizado do tipo System.Drawing.Icon semelhante a (Ícone).
</summary>
</member>
<member name="P:NS_Login.My.Resources.Resources.NatuSystem_Notification_2">
<summary>
  Consulta um recurso localizado do tipo System.IO.UnmanagedMemoryStream semelhante a System.IO.MemoryStream.
</summary>
</member>
<member name="P:NS_Login.My.Resources.Resources.perfil_de_usuario">
<summary>
  Consulta um recurso localizado do tipo System.Drawing.Bitmap.
</summary>
</member>
<member name="P:NS_Login.My.Resources.Resources.Windows_Notify_Messaging">
<summary>
  Consulta um recurso localizado do tipo System.IO.UnmanagedMemoryStream semelhante a System.IO.MemoryStream.
</summary>
</member>
</members>
</doc>
